,Variables,Constraints,Choices,Conflicts,Time
SparseFew,37753.74631741862,5140236.493110242,11554.281208712206,49.680926364596345,8.467922066469997
SparseMany,117203.65608845143,19323558.14361118,7147.435344233622,43.1335136523794,19.16932352136263
DenseFew,91272.91599257624,16309670.536776904,5714.202520647103,85.13607646087242,24.161625643628724
DenseMany,219811.08453215,65403366.50142289,12112.993230411714,146.7838546979878,89.33762239968428
