,Variables,Constraints,Choices,Conflicts,Time
SparseFew,51145.059110896946,5268379.203592444,9707.232845863415,43.885999503041425,7.959844333246965
SparseMany,97268.71189975785,12258434.913514815,5260.802353253732,21.477119608240457,18.78811693471118
DenseFew,106520.99854010454,17292362.24526194,6246.235263855227,77.64908854829497,24.201203301449606
DenseMany,246466.93500504474,55608143.95309477,17376.597117414916,111.37517035420674,182.41441114991827
