,Variables,Constraints,Choices,Conflicts,Time
SparseFew,50218.2,4209575.066666666,5011.666666666667,27.866666666666667,7.083666666666667
SparseMany,34894.73333333333,4212763.6,1857.4,7.866666666666666,15.181666666666667
DenseFew,133881.46666666667,18332500.866666667,7108.6,36.333333333333336,27.127666666666666
DenseMany,148006.26666666666,29541675.666666668,11015.666666666666,55.0,100.9928
