,Variables,Constraints,Choices,Conflicts,Time
SparseFew,83697.0,7015958.444444444,8352.333333333334,45.77777777777778,7.308133333333333
SparseMany,261710.5,31595727.0,13930.0,52.5,15.557866666666666
DenseFew,167351.83333333334,22915626.083333332,8868.083333333334,45.166666666666664,27.1362
DenseMany,444018.8,88625027.0,33047.0,163.0,76.2772
