,Variables,Constraints,Choices,Conflicts,Time
SparseFew,50459.2,168370.93333333332,1964044.0,2032491.7857142857,101.07513333333334
SparseMany,135766.2,577525.8333333334,52535.666666666664,13057.583333333334,1.8316
DenseFew,112731.93333333333,377974.0,2020274.0,1767575.0,209.68800000000002
DenseMany,316386.6666666667,1275563.0714285714,401003.8333333333,236411.66666666666,36.8424
