,Variables,Constraints,Choices,Conflicts,Time
SparseFew,12271.911687147314,44667.351132673226,7471855.080736569,7236000.570489887,374.6148983331066
SparseMany,62612.94508919746,282265.04116487666,39015.128440620254,16294.71909721499,2.3365715869522123
DenseFew,40561.66486169399,145740.84007776072,4963430.787516921,3917161.934214261,426.91908534274467
DenseMany,118688.81584009426,512309.3565362167,343895.06019500166,234784.76667815202,44.73817419609343
