,Variables,Constraints,Choices,Conflicts,Time
SparseFew,50459.2,168370.93333333332,1964044.2,1896992.6,100.14853333333333
SparseMany,135766.2,462020.6666666667,42039.333333333336,10459.2,1.7752666666666665
DenseFew,112731.93333333333,377974.0,2020274.8666666667,1649736.7333333334,207.2352
DenseMany,316386.6666666667,1190525.5333333334,320813.6666666667,189139.6,36.388600000000004
