,Variables,Constraints,Choices,Conflicts,Time
SparseFew,12271.911687147314,44667.351132673226,7471855.13698025,7489377.817544507,378.0143893362615
SparseMany,62612.94508919746,169207.5478897995,36538.47303953199,17352.009107977476,2.392333343949256
DenseFew,40561.66486169399,145740.84007776072,4963431.164951951,4037346.583558372,432.17506722094527
DenseMany,118688.81584009426,407229.08589741064,339764.5596791544,240765.9132085593,44.885557713557965
