,Variables,Constraints,Choices,Conflicts,Time
SparseFew,12251.335344128236,40835.0949217296,749.84574286665,355.17561822318237,0.04607829775295008
SparseMany,62263.67886519854,189641.13926372206,20244.257477570813,88.80233412165778,0.21545880171878623
DenseFew,40539.43498913244,129261.59520478507,1641.2741856194998,887.8420040989412,0.14669037687137718
DenseMany,118329.63392493667,437403.0285000197,20968.09778134826,236.42488716868888,0.4936599272875243
