,Variables,Constraints,Choices,Conflicts,Time
SparseFew,50381.0,129670.13333333333,606.0666666666667,153.21428571428572,0.13326666666666667
SparseMany,135166.4,431970.8333333333,36995.72727272727,164.63636363636363,0.42506666666666665
DenseFew,112450.66666666667,298096.8,1105.3333333333333,397.8333333333333,0.2919333333333333
DenseMany,315452.6666666667,1003584.7142857143,46721.75,214.0,1.0811333333333333
